MW,number of occurrences
18.015,1
30.026,1
44.053,1
74.079,1
88.106,1
104.10499999999999,1
118.13199999999999,2
132.159,2
148.158,1
162.18499999999997,2
176.212,1
